Severity,Document Key,Operation,Message,Details,Documentation 
"","","","Could not execute skill because the Web Api request failed.","",""
"error","localId=https%3a%2f%2fdg1blobstorage.blob.core.windows.net%2fpdf-data%2fBenefit_Options.pdf&documentKey=https%3a%2f%2fdg1blobstorage.blob.core.windows.net%2fpdf-data%2fBenefit_Options.pdf","Enrichment.WebApiSkill.chunking-embedding-skill","Could not execute skill because the Web Api request failed.","Web Api response status: 'InternalServerError', Web Api response details: ''","https://go.microsoft.com/fwlink/?linkid=2106475"
"error","localId=https%3a%2f%2fdg1blobstorage.blob.core.windows.net%2fpdf-data%2fNorthwind_Health_Plus_Benefits_Details.pdf&documentKey=https%3a%2f%2fdg1blobstorage.blob.core.windows.net%2fpdf-data%2fNorthwind_Health_Plus_Benefits_Details.pdf","Enrichment.WebApiSkill.chunking-embedding-skill","Could not execute skill because the Web Api request failed.","Web Api response status: 'InternalServerError', Web Api response details: ''","https://go.microsoft.com/fwlink/?linkid=2106475"
"error","localId=https%3a%2f%2fdg1blobstorage.blob.core.windows.net%2fpdf-data%2fNorthwind_Standard_Benefits_Details.pdf&documentKey=https%3a%2f%2fdg1blobstorage.blob.core.windows.net%2fpdf-data%2fNorthwind_Standard_Benefits_Details.pdf","Enrichment.WebApiSkill.chunking-embedding-skill","Could not execute skill because the Web Api request failed.","Web Api response status: 'InternalServerError', Web Api response details: ''","https://go.microsoft.com/fwlink/?linkid=2106475"
"error","localId=https%3a%2f%2fdg1blobstorage.blob.core.windows.net%2fpdf-data%2fPerksPlus.pdf&documentKey=https%3a%2f%2fdg1blobstorage.blob.core.windows.net%2fpdf-data%2fPerksPlus.pdf","Enrichment.WebApiSkill.chunking-embedding-skill","Could not execute skill because the Web Api request failed.","Web Api response status: 'InternalServerError', Web Api response details: ''","https://go.microsoft.com/fwlink/?linkid=2106475"
"error","localId=https%3a%2f%2fdg1blobstorage.blob.core.windows.net%2fpdf-data%2femployee_handbook.pdf&documentKey=https%3a%2f%2fdg1blobstorage.blob.core.windows.net%2fpdf-data%2femployee_handbook.pdf","Enrichment.WebApiSkill.chunking-embedding-skill","Could not execute skill because the Web Api request failed.","Web Api response status: 'InternalServerError', Web Api response details: ''","https://go.microsoft.com/fwlink/?linkid=2106475"
"error","localId=https%3a%2f%2fdg1blobstorage.blob.core.windows.net%2fpdf-data%2frole_library.pdf&documentKey=https%3a%2f%2fdg1blobstorage.blob.core.windows.net%2fpdf-data%2frole_library.pdf","Enrichment.WebApiSkill.chunking-embedding-skill","Could not execute skill because the Web Api request failed.","Web Api response status: 'InternalServerError', Web Api response details: ''","https://go.microsoft.com/fwlink/?linkid=2106475"
"","","","Truncated extracted text to '65536' characters.","",""
"warning","localId=Northwind_Standard_Benefits_Details.pdf&documentKey=https%3a%2f%2fdg1blobstorage.blob.core.windows.net%2fpdf-data%2fNorthwind_Standard_Benefits_Details.pdf","DocumentExtraction.azureblob.Northwind_Standard_Benefits_Details.pdf","Truncated extracted text to '65536' characters.","","https://go.microsoft.com/fwlink/?linkid=2110011"
"warning","localId=Northwind_Health_Plus_Benefits_Details.pdf&documentKey=https%3a%2f%2fdg1blobstorage.blob.core.windows.net%2fpdf-data%2fNorthwind_Health_Plus_Benefits_Details.pdf","DocumentExtraction.azureblob.Northwind_Health_Plus_Benefits_Details.pdf","Truncated extracted text to '65536' characters.","","https://go.microsoft.com/fwlink/?linkid=2110011"
